{"textures":{"0":"bettermodel:item/baran_leg_texture","1":"bettermodel:item/baran_lower_torso_texture","2":"bettermodel:item/baran_torso_texture","3":"bettermodel:item/baran_arm_texture"},"elements":[{"from":[4.7519174,-2.2082596,5.215929],"to":[8.464012,-0.3522129,10.784071],"faces":{"north":{"uv":[11.5,10.25,13.5,11.25],"tintindex":-2,"texture":"#0"},"east":{"uv":[6.0,10.0,9.0,11.0],"tintindex":-2,"texture":"#0"},"south":{"uv":[11.5,11.25,13.5,12.25],"tintindex":-2,"texture":"#0"},"west":{"uv":[6.0,11.0,9.0,12.0],"tintindex":-2,"texture":"#0"},"up":{"uv":[9.25,7.75,7.25,4.75],"tintindex":-2,"texture":"#0"},"down":{"uv":[9.75,0.0,7.75,3.0],"tintindex":-2,"texture":"#0"}}},{"from":[4.983923,-1.7442484,8.0],"to":[8.232006,7.071976,11.248083],"rotation":{"angle":-7.5,"axis":"x","origin":[5.215929,-6.848378,8.0]},"faces":{"north":{"uv":[2.0,5.0,3.75,9.75],"tintindex":-2,"texture":"#0"},"east":{"uv":[3.75,5.0,5.5,9.75],"tintindex":-2,"texture":"#0"},"south":{"uv":[5.5,5.0,7.25,9.75],"tintindex":-2,"texture":"#0"},"west":{"uv":[6.0,0.0,7.75,4.75],"tintindex":-2,"texture":"#0"},"up":{"uv":[11.5,9.25,9.75,7.5],"tintindex":-2,"texture":"#0"},"down":{"uv":[11.5,9.25,9.75,11.0],"tintindex":-2,"texture":"#0"}}},{"from":[4.5203753,6.6084285,5.680405],"to":[8.695554,8.463548,9.855583],"faces":{"north":{"uv":[11.5,6.25,13.75,7.25],"tintindex":-2,"texture":"#0"},"east":{"uv":[11.5,7.25,13.75,8.25],"tintindex":-2,"texture":"#0"},"south":{"uv":[11.5,8.25,13.75,9.25],"tintindex":-2,"texture":"#0"},"west":{"uv":[11.5,9.25,13.75,10.25],"tintindex":-2,"texture":"#0"},"up":{"uv":[11.5,7.5,9.25,5.25],"tintindex":-2,"texture":"#0"},"down":{"uv":[12.0,0.0,9.75,2.25],"tintindex":-2,"texture":"#0"}}},{"from":[4.2879057,6.143953,6.6079645],"to":[8.928023,10.320059,8.464012],"rotation":{"angle":-12.5,"axis":"x","origin":[4.2879057,0.11179924,9.3920355]},"faces":{"north":{"uv":[7.25,7.75,9.75,10.0],"tintindex":-2,"texture":"#0"},"east":{"uv":[0.0,10.0,1.0,12.25],"tintindex":-2,"texture":"#0"},"south":{"uv":[9.25,3.0,11.75,5.25],"tintindex":-2,"texture":"#0"},"west":{"uv":[1.0,10.0,2.0,12.25],"tintindex":-2,"texture":"#0"},"up":{"uv":[11.5,12.0,9.0,11.0],"tintindex":-2,"texture":"#0"},"down":{"uv":[14.0,5.25,11.5,6.25],"tintindex":-2,"texture":"#0"}}}]}