{"textures":{"0":"bettermodel:item/baran_leg_texture","1":"bettermodel:item/baran_lower_torso_texture","2":"bettermodel:item/baran_torso_texture","3":"bettermodel:item/baran_arm_texture"},"elements":[{"from":[6.3759584,0.5758109,6.8399706],"to":[9.624042,6.6079645,10.552065],"rotation":{"angle":5.0,"axis":"z","origin":[6.143953,9.3920355,8.0]},"faces":{"north":{"uv":[8.125,3.25,9.0,4.875],"tintindex":-2,"texture":"#3"},"east":{"uv":[7.375,0.0,8.375,1.625],"tintindex":-2,"texture":"#3"},"south":{"uv":[8.375,0.0,9.25,1.625],"tintindex":-2,"texture":"#3"},"west":{"uv":[7.625,1.625,8.625,3.25],"tintindex":-2,"texture":"#3"},"up":{"uv":[9.625,9.75,8.75,8.75],"tintindex":-2,"texture":"#3"},"down":{"uv":[9.75,4.875,8.875,5.875],"tintindex":-2,"texture":"#3"}}},{"from":[5.911947,6.143953,6.3759584],"to":[10.088053,8.0,11.016077],"rotation":{"angle":5.0,"axis":"z","origin":[6.143953,9.3920355,8.0]},"faces":{"north":{"uv":[9.75,4.75,10.875,5.25],"tintindex":-2,"texture":"#3"},"east":{"uv":[9.625,8.25,10.875,8.75],"tintindex":-2,"texture":"#3"},"south":{"uv":[9.75,5.25,10.875,5.75],"tintindex":-2,"texture":"#3"},"west":{"uv":[9.625,8.75,10.875,9.25],"tintindex":-2,"texture":"#3"},"up":{"uv":[6.625,9.625,5.5,8.375],"tintindex":-2,"texture":"#3"},"down":{"uv":[7.75,8.375,6.625,9.625],"tintindex":-2,"texture":"#3"}}},{"from":[7.767994,7.5359883,11.480089],"to":[7.767994,11.712094,12.872124],"rotation":{"angle":20.0,"axis":"x","origin":[6.143953,10.784071,7.5359883]},"faces":{"north":{"uv":[0.0,0.0,0.0,1.125],"tintindex":-2,"texture":"#3"},"east":{"uv":[9.25,0.0,9.625,1.125],"tintindex":-2,"texture":"#3"},"south":{"uv":[0.0,0.0,0.0,1.125],"tintindex":-2,"texture":"#3"},"west":{"uv":[7.25,9.625,7.625,10.75],"tintindex":-2,"texture":"#3"},"up":{"uv":[0.0,0.375,0.0,0.0],"tintindex":-2,"texture":"#3"},"down":{"uv":[0.0,0.0,0.0,0.375],"tintindex":-2,"texture":"#3"}}}]}