{"textures":{"0":"bettermodel:item/baran_leg_texture","1":"bettermodel:item/baran_lower_torso_texture","2":"bettermodel:item/baran_torso_texture","3":"bettermodel:item/baran_arm_texture"},"elements":[{"from":[6.3759584,0.5758109,6.8399706],"to":[9.624042,6.6079645,10.552065],"rotation":{"angle":5.0,"axis":"z","origin":[6.143953,9.3920355,8.0]},"faces":{"north":{"uv":[7.75,6.75,8.625,8.375],"tintindex":-2,"texture":"#3"},"east":{"uv":[3.375,7.0,4.375,8.625],"tintindex":-2,"texture":"#3"},"south":{"uv":[8.0,5.125,8.875,6.75],"tintindex":-2,"texture":"#3"},"west":{"uv":[7.0,5.125,8.0,6.75],"tintindex":-2,"texture":"#3"},"up":{"uv":[2.875,9.625,2.0,8.625],"tintindex":-2,"texture":"#3"},"down":{"uv":[3.75,8.625,2.875,9.625],"tintindex":-2,"texture":"#3"}}},{"from":[5.911947,6.143953,6.3759584],"to":[10.088053,8.0,11.016077],"rotation":{"angle":5.0,"axis":"z","origin":[6.143953,9.3920355,8.0]},"faces":{"north":{"uv":[9.625,9.25,10.75,9.75],"tintindex":-2,"texture":"#3"},"east":{"uv":[6.0,9.625,7.25,10.125],"tintindex":-2,"texture":"#3"},"south":{"uv":[0.0,9.75,1.125,10.25],"tintindex":-2,"texture":"#3"},"west":{"uv":[9.625,7.75,10.875,8.25],"tintindex":-2,"texture":"#3"},"up":{"uv":[6.5,3.125,5.375,1.875],"tintindex":-2,"texture":"#3"},"down":{"uv":[5.5,8.375,4.375,9.625],"tintindex":-2,"texture":"#3"}}},{"from":[7.995137,6.1706667,5.235362],"to":[7.995137,10.346773,6.6273975],"rotation":{"angle":-20.0,"axis":"x","origin":[7.995137,8.258719,5.93138]},"faces":{"north":{"uv":[0.0,0.0,0.0,1.125],"tintindex":-2,"texture":"#3"},"east":{"uv":[4.375,5.125,4.75,6.25],"tintindex":-2,"texture":"#3"},"south":{"uv":[0.0,0.0,0.0,1.125],"tintindex":-2,"texture":"#3"},"west":{"uv":[6.5,3.5,6.875,4.625],"tintindex":-2,"texture":"#3"},"up":{"uv":[0.0,0.375,0.0,0.0],"tintindex":-2,"texture":"#3"},"down":{"uv":[0.0,0.0,0.0,0.375],"tintindex":-2,"texture":"#3"}}}]}