{"textures":{"0":"bettermodel:item/baran_leg_texture","1":"bettermodel:item/baran_lower_torso_texture","2":"bettermodel:item/baran_torso_texture","3":"bettermodel:item/baran_arm_texture"},"elements":[{"from":[3.8238935,7.5359883,5.679941],"to":[12.176106,20.52832,9.856048],"faces":{"north":{"uv":[0.0,0.0,2.25,3.5],"tintindex":-2,"texture":"#2"},"east":{"uv":[0.0,3.5,1.125,7.0],"tintindex":-2,"texture":"#2"},"south":{"uv":[2.25,0.0,4.5,3.5],"tintindex":-2,"texture":"#2"},"west":{"uv":[1.125,3.5,2.25,7.0],"tintindex":-2,"texture":"#2"},"up":{"uv":[8.5,7.125,6.25,6.0],"tintindex":-2,"texture":"#2"},"down":{"uv":[8.75,0.0,6.5,1.125],"tintindex":-2,"texture":"#2"}}},{"from":[10.783607,14.495701,5.215465],"to":[18.208723,20.528784,10.320523],"rotation":{"angle":-0.43399,"axis":"y","origin":[11.712094,-2.2082596,6.6079645]},"faces":{"north":{"uv":[2.25,3.5,4.25,5.125],"tintindex":-2,"texture":"#2"},"east":{"uv":[6.5,1.125,7.875,2.75],"tintindex":-2,"texture":"#2"},"south":{"uv":[4.25,3.5,6.25,5.125],"tintindex":-2,"texture":"#2"},"west":{"uv":[2.25,6.5,3.625,8.125],"tintindex":-2,"texture":"#2"},"up":{"uv":[4.25,6.5,2.25,5.125],"tintindex":-2,"texture":"#2"},"down":{"uv":[6.25,5.125,4.25,6.5],"tintindex":-2,"texture":"#2"}}},{"from":[-2.208264,14.4961605,5.2159243],"to":[5.215934,20.528324,10.320064],"rotation":{"angle":0.43399,"axis":"y","origin":[4.2879057,-2.2082596,6.6079645]},"faces":{"north":{"uv":[4.5,0.0,6.5,1.625],"tintindex":-2,"texture":"#2"},"east":{"uv":[3.625,6.5,5.0,8.125],"tintindex":-2,"texture":"#2"},"south":{"uv":[4.5,1.625,6.5,3.25],"tintindex":-2,"texture":"#2"},"west":{"uv":[0.0,7.0,1.375,8.625],"tintindex":-2,"texture":"#2"},"up":{"uv":[8.25,4.625,6.25,3.25],"tintindex":-2,"texture":"#2"},"down":{"uv":[8.25,4.625,6.25,6.0],"tintindex":-2,"texture":"#2"}}}]}