{"textures":{"0":"bettermodel:item/baran_leg_texture","1":"bettermodel:item/baran_lower_torso_texture","2":"bettermodel:item/baran_torso_texture","3":"bettermodel:item/baran_arm_texture"},"elements":[{"from":[8.0,4.7519174,5.679941],"to":[12.176106,10.784071,11.712094],"rotation":{"angle":40.0,"axis":"z","origin":[8.928023,5.215929,8.0]},"faces":{"north":{"uv":[0.0,7.0,1.125,8.625],"tintindex":-2,"texture":"#3"},"east":{"uv":[3.75,1.625,5.375,3.25],"tintindex":-2,"texture":"#3"},"south":{"uv":[1.125,7.0,2.25,8.625],"tintindex":-2,"texture":"#3"},"west":{"uv":[4.875,3.25,6.5,4.875],"tintindex":-2,"texture":"#3"},"up":{"uv":[3.375,8.625,2.25,7.0],"tintindex":-2,"texture":"#3"},"down":{"uv":[8.125,3.5,7.0,5.125],"tintindex":-2,"texture":"#3"}}},{"from":[7.071976,4.5199113,5.215929],"to":[8.464012,11.016077,12.176106],"rotation":{"angle":40.0,"axis":"z","origin":[8.928023,5.215929,8.0]},"faces":{"north":{"uv":[3.125,9.625,3.5,11.375],"tintindex":-2,"texture":"#3"},"east":{"uv":[1.875,0.0,3.75,1.75],"tintindex":-2,"texture":"#3"},"south":{"uv":[4.125,9.625,4.5,11.375],"tintindex":-2,"texture":"#3"},"west":{"uv":[1.875,1.75,3.75,3.5],"tintindex":-2,"texture":"#3"},"up":{"uv":[8.125,11.375,7.75,9.5],"tintindex":-2,"texture":"#3"},"down":{"uv":[8.5,9.5,8.125,11.375],"tintindex":-2,"texture":"#3"}}},{"from":[6.6079645,0.11179924,6.6079645],"to":[10.320059,7.071976,10.784071],"rotation":{"angle":5.0,"axis":"z","origin":[6.6079645,2.8958702,8.0]},"faces":{"north":{"uv":[6.0,4.875,7.0,6.75],"tintindex":-2,"texture":"#3"},"east":{"uv":[1.125,5.125,2.25,7.0],"tintindex":-2,"texture":"#3"},"south":{"uv":[6.375,0.0,7.375,1.875],"tintindex":-2,"texture":"#3"},"west":{"uv":[2.25,5.125,3.375,7.0],"tintindex":-2,"texture":"#3"},"up":{"uv":[2.0,9.75,1.0,8.625],"tintindex":-2,"texture":"#3"},"down":{"uv":[9.625,1.625,8.625,2.75],"tintindex":-2,"texture":"#3"}}}]}