{"textures":{"0":"bettermodel:item/baran_leg_texture","1":"bettermodel:item/baran_lower_torso_texture","2":"bettermodel:item/baran_torso_texture","3":"bettermodel:item/baran_arm_texture"},"elements":[{"from":[6.143953,5.679941,7.071976],"to":[8.928023,7.5359883,10.320059],"rotation":{"angle":5.0,"axis":"z","origin":[5.679941,16.352213,8.0]},"faces":{"north":{"uv":[9.875,4.125,10.625,4.625],"tintindex":-2,"texture":"#3"},"east":{"uv":[9.375,9.75,10.25,10.25],"tintindex":-2,"texture":"#3"},"south":{"uv":[9.875,5.75,10.625,6.25],"tintindex":-2,"texture":"#3"},"west":{"uv":[9.875,2.625,10.75,3.125],"tintindex":-2,"texture":"#3"},"up":{"uv":[5.25,10.5,4.5,9.625],"tintindex":-2,"texture":"#3"},"down":{"uv":[6.0,9.625,5.25,10.5],"tintindex":-2,"texture":"#3"}}},{"from":[5.8191442,7.628791,6.747168],"to":[9.252832,8.232006,10.644867],"rotation":{"angle":5.0,"axis":"z","origin":[5.679941,16.352213,8.0]},"faces":{"north":{"uv":[9.875,6.5,10.75,6.625],"tintindex":-2,"texture":"#3"},"east":{"uv":[5.375,3.125,6.375,3.25],"tintindex":-2,"texture":"#3"},"south":{"uv":[9.875,6.625,10.75,6.75],"tintindex":-2,"texture":"#3"},"west":{"uv":[9.875,4.625,10.875,4.75],"tintindex":-2,"texture":"#3"},"up":{"uv":[9.875,3.75,9.0,2.75],"tintindex":-2,"texture":"#3"},"down":{"uv":[9.875,3.75,9.0,4.75],"tintindex":-2,"texture":"#3"}}},{"from":[6.7471676,7.164779,10.273658],"to":[8.324809,9.160029,10.784071],"rotation":{"angle":5.0,"axis":"z","origin":[5.679941,16.352213,11.712094]},"faces":{"north":{"uv":[8.875,5.875,9.25,6.375],"tintindex":-2,"texture":"#3"},"east":{"uv":[4.75,6.125,4.875,6.625],"tintindex":-2,"texture":"#3"},"south":{"uv":[9.25,1.125,9.625,1.625],"tintindex":-2,"texture":"#3"},"west":{"uv":[6.875,3.5,7.0,4.0],"tintindex":-2,"texture":"#3"},"up":{"uv":[8.0,3.375,7.625,3.25],"tintindex":-2,"texture":"#3"},"down":{"uv":[8.0,3.375,7.625,3.5],"tintindex":-2,"texture":"#3"}}}]}