{"textures":{"0":"bettermodel:item/baran_leg_texture","1":"bettermodel:item/baran_lower_torso_texture","2":"bettermodel:item/baran_torso_texture","3":"bettermodel:item/baran_arm_texture"},"elements":[{"from":[6.143953,6.6079645,5.215929],"to":[9.856048,9.856048,11.248083],"rotation":{"angle":2.4621,"axis":"x","origin":[5.679941,7.5359883,8.464012]},"faces":{"north":{"uv":[0.0,8.75,2.0,10.5],"tintindex":-2,"texture":"#1"},"east":{"uv":[2.0,5.5,5.25,7.25],"tintindex":-2,"texture":"#1"},"south":{"uv":[8.75,1.75,10.75,3.5],"tintindex":-2,"texture":"#1"},"west":{"uv":[5.5,3.25,8.75,5.0],"tintindex":-2,"texture":"#1"},"up":{"uv":[2.0,8.75,0.0,5.5],"tintindex":-2,"texture":"#1"},"down":{"uv":[7.5,0.0,5.5,3.25],"tintindex":-2,"texture":"#1"}}},{"from":[-0.3522129,6.6079645,4.7519174],"to":[4.7519174,9.856048,9.856048],"rotation":{"angle":2.46207,"axis":"x","origin":[4.2879057,-12.416519,7.071976]},"faces":{"north":{"uv":[5.5,5.0,8.25,6.75],"tintindex":-2,"texture":"#1"},"east":{"uv":[5.25,6.75,8.0,8.5],"tintindex":-2,"texture":"#1"},"south":{"uv":[2.0,7.25,4.75,9.0],"tintindex":-2,"texture":"#1"},"west":{"uv":[7.5,0.0,10.25,1.75],"tintindex":-2,"texture":"#1"},"up":{"uv":[2.75,2.75,0.0,0.0],"tintindex":-2,"texture":"#1"},"down":{"uv":[2.75,2.75,0.0,5.5],"tintindex":-2,"texture":"#1"}}},{"from":[11.248083,6.6079645,4.7519174],"to":[16.352213,9.856048,9.856048],"rotation":{"angle":2.46207,"axis":"x","origin":[11.712094,-12.416519,7.071976]},"faces":{"north":{"uv":[8.0,6.75,10.75,8.5],"tintindex":-2,"texture":"#1"},"east":{"uv":[8.25,5.0,11.0,6.75],"tintindex":-2,"texture":"#1"},"south":{"uv":[4.75,8.5,7.5,10.25],"tintindex":-2,"texture":"#1"},"west":{"uv":[7.5,8.5,10.25,10.25],"tintindex":-2,"texture":"#1"},"up":{"uv":[5.5,2.75,2.75,0.0],"tintindex":-2,"texture":"#1"},"down":{"uv":[5.5,2.75,2.75,5.5],"tintindex":-2,"texture":"#1"}}}]}