{"textures":{"0":"bettermodel:item/baran_leg_texture","1":"bettermodel:item/baran_lower_torso_texture","2":"bettermodel:item/baran_torso_texture","3":"bettermodel:item/baran_arm_texture"},"elements":[{"from":[5.679941,-1.2687521,5.7421646],"to":[9.3920355,8.011484,9.45426],"rotation":{"angle":2.5,"axis":"x","origin":[6.143953,6.143953,5.679941]},"faces":{"north":{"uv":[0.0,0.0,2.0,5.0],"tintindex":-2,"texture":"#0"},"east":{"uv":[2.0,0.0,4.0,5.0],"tintindex":-2,"texture":"#0"},"south":{"uv":[4.0,0.0,6.0,5.0],"tintindex":-2,"texture":"#0"},"west":{"uv":[0.0,5.0,2.0,10.0],"tintindex":-2,"texture":"#0"},"up":{"uv":[4.0,11.75,2.0,9.75],"tintindex":-2,"texture":"#0"},"down":{"uv":[6.0,9.75,4.0,11.75],"tintindex":-2,"texture":"#0"}}}]}