{"model":{"type":"range_dispatch","property":"custom_model_data","fallback":{"type":"minecraft:model","model":"minecraft:item/leather_horse_armor"},"entries":[{"threshold":1,"model":{"type":"minecraft:composite","models":[{"type":"minecraft:model","model":"bettermodel:modern_item/baran_right_upper_arm_1","tints":[{"type":"minecraft:custom_model_data","default":16777215}]},{"type":"minecraft:model","model":"bettermodel:modern_item/baran_right_upper_arm_2","tints":[{"type":"minecraft:custom_model_data","default":16777215}]}]}},{"threshold":2,"model":{"type":"minecraft:composite","models":[{"type":"minecraft:model","model":"bettermodel:modern_item/baran_right_lower_arm_1","tints":[{"type":"minecraft:custom_model_data","default":16777215}]},{"type":"minecraft:model","model":"bettermodel:modern_item/baran_right_lower_arm_2","tints":[{"type":"minecraft:custom_model_data","default":16777215}]}]}},{"threshold":3,"model":{"type":"minecraft:composite","models":[{"type":"minecraft:model","model":"bettermodel:modern_item/baran_right_hand_1","tints":[{"type":"minecraft:custom_model_data","default":16777215}]}]}},{"threshold":4,"model":{"type":"minecraft:composite","models":[{"type":"minecraft:model","model":"bettermodel:modern_item/baran_left_upper_arm_1","tints":[{"type":"minecraft:custom_model_data","default":16777215}]},{"type":"minecraft:model","model":"bettermodel:modern_item/baran_left_upper_arm_2","tints":[{"type":"minecraft:custom_model_data","default":16777215}]},{"type":"minecraft:model","model":"bettermodel:modern_item/baran_left_upper_arm_3","tints":[{"type":"minecraft:custom_model_data","default":16777215}]}]}},{"threshold":5,"model":{"type":"minecraft:composite","models":[{"type":"minecraft:model","model":"bettermodel:modern_item/baran_left_lower_arm_1","tints":[{"type":"minecraft:custom_model_data","default":16777215}]},{"type":"minecraft:model","model":"bettermodel:modern_item/baran_left_lower_arm_2","tints":[{"type":"minecraft:custom_model_data","default":16777215}]}]}},{"threshold":6,"model":{"type":"minecraft:composite","models":[{"type":"minecraft:model","model":"bettermodel:modern_item/baran_left_hand_1","tints":[{"type":"minecraft:custom_model_data","default":16777215}]}]}},{"threshold":7,"model":{"type":"minecraft:composite","models":[{"type":"minecraft:model","model":"bettermodel:modern_item/baran_lower_torso_armour_1","tints":[{"type":"minecraft:custom_model_data","default":16777215}]},{"type":"minecraft:model","model":"bettermodel:modern_item/baran_lower_torso_armour_2","tints":[{"type":"minecraft:custom_model_data","default":16777215}]},{"type":"minecraft:model","model":"bettermodel:modern_item/baran_lower_torso_armour_3","tints":[{"type":"minecraft:custom_model_data","default":16777215}]}]}},{"threshold":8,"model":{"type":"minecraft:composite","models":[{"type":"minecraft:model","model":"bettermodel:modern_item/baran_torso_1","tints":[{"type":"minecraft:custom_model_data","default":16777215}]},{"type":"minecraft:model","model":"bettermodel:modern_item/baran_torso_2","tints":[{"type":"minecraft:custom_model_data","default":16777215}]},{"type":"minecraft:model","model":"bettermodel:modern_item/baran_torso_3","tints":[{"type":"minecraft:custom_model_data","default":16777215}]}]}},{"threshold":9,"model":{"type":"minecraft:composite","models":[{"type":"minecraft:model","model":"bettermodel:modern_item/baran_left_leg_1","tints":[{"type":"minecraft:custom_model_data","default":16777215}]}]}},{"threshold":10,"model":{"type":"minecraft:composite","models":[{"type":"minecraft:model","model":"bettermodel:modern_item/baran_left_lower_leg_1","tints":[{"type":"minecraft:custom_model_data","default":16777215}]},{"type":"minecraft:model","model":"bettermodel:modern_item/baran_left_lower_leg_2","tints":[{"type":"minecraft:custom_model_data","default":16777215}]},{"type":"minecraft:model","model":"bettermodel:modern_item/baran_left_lower_leg_3","tints":[{"type":"minecraft:custom_model_data","default":16777215}]}]}},{"threshold":11,"model":{"type":"minecraft:composite","models":[{"type":"minecraft:model","model":"bettermodel:modern_item/baran_right_leg_1","tints":[{"type":"minecraft:custom_model_data","default":16777215}]}]}},{"threshold":12,"model":{"type":"minecraft:composite","models":[{"type":"minecraft:model","model":"bettermodel:modern_item/baran_right_lower_leg2_1","tints":[{"type":"minecraft:custom_model_data","default":16777215}]},{"type":"minecraft:model","model":"bettermodel:modern_item/baran_right_lower_leg2_2","tints":[{"type":"minecraft:custom_model_data","default":16777215}]},{"type":"minecraft:model","model":"bettermodel:modern_item/baran_right_lower_leg2_3","tints":[{"type":"minecraft:custom_model_data","default":16777215}]}]}}]}}