{"parent":"minecraft:item/generated","textures":{"layer0":"minecraft:item/leather_horse_armor"},"overrides":[{"predicate":{"custom_model_data":1},"model":"bettermodel:item/baran_right_upper_arm_1"},{"predicate":{"custom_model_data":2},"model":"bettermodel:item/baran_right_lower_arm_1"},{"predicate":{"custom_model_data":3},"model":"bettermodel:item/baran_right_hand_1"},{"predicate":{"custom_model_data":4},"model":"bettermodel:item/baran_left_upper_arm_1"},{"predicate":{"custom_model_data":5},"model":"bettermodel:item/baran_left_lower_arm_1"},{"predicate":{"custom_model_data":6},"model":"bettermodel:item/baran_left_hand_1"},{"predicate":{"custom_model_data":7},"model":"bettermodel:item/baran_lower_torso_armour_1"},{"predicate":{"custom_model_data":8},"model":"bettermodel:item/baran_torso_1"},{"predicate":{"custom_model_data":9},"model":"bettermodel:item/baran_left_leg_1"},{"predicate":{"custom_model_data":10},"model":"bettermodel:item/baran_left_lower_leg_1"},{"predicate":{"custom_model_data":11},"model":"bettermodel:item/baran_right_leg_1"},{"predicate":{"custom_model_data":12},"model":"bettermodel:item/baran_right_lower_leg2_1"}]}