{"textures":{"0":"bettermodel:item/baran_leg_texture","1":"bettermodel:item/baran_lower_torso_texture","2":"bettermodel:item/baran_torso_texture","3":"bettermodel:item/baran_arm_texture"},"elements":[{"from":[3.8238935,7.5359883,5.679941],"to":[12.176106,20.52832,9.856048],"faces":{"north":{"uv":[0.0,0.0,2.25,3.5],"tintindex":0,"texture":"#2"},"east":{"uv":[0.0,3.5,1.125,7.0],"tintindex":0,"texture":"#2"},"south":{"uv":[2.25,0.0,4.5,3.5],"tintindex":0,"texture":"#2"},"west":{"uv":[1.125,3.5,2.25,7.0],"tintindex":0,"texture":"#2"},"up":{"uv":[8.5,7.125,6.25,6.0],"tintindex":0,"texture":"#2"},"down":{"uv":[8.75,0.0,6.5,1.125],"tintindex":0,"texture":"#2"}}}]}