{"textures":{"0":"bettermodel:item/baran_leg_texture","1":"bettermodel:item/baran_lower_torso_texture","2":"bettermodel:item/baran_torso_texture","3":"bettermodel:item/baran_arm_texture"},"elements":[{"from":[5.9933176,4.8067446,5.679941],"to":[10.169424,10.838898,11.712094],"faces":{"north":{"uv":[0.0,7.0,1.125,8.625],"tintindex":0,"texture":"#3"},"east":{"uv":[3.75,1.625,5.375,3.25],"tintindex":0,"texture":"#3"},"south":{"uv":[1.125,7.0,2.25,8.625],"tintindex":0,"texture":"#3"},"west":{"uv":[4.875,3.25,6.5,4.875],"tintindex":0,"texture":"#3"},"up":{"uv":[3.375,8.625,2.25,7.0],"tintindex":0,"texture":"#3"},"down":{"uv":[8.125,3.5,7.0,5.125],"tintindex":0,"texture":"#3"}}},{"from":[5.065294,4.5747385,5.215929],"to":[6.4573293,11.070904,12.176106],"faces":{"north":{"uv":[3.125,9.625,3.5,11.375],"tintindex":0,"texture":"#3"},"east":{"uv":[1.875,0.0,3.75,1.75],"tintindex":0,"texture":"#3"},"south":{"uv":[4.125,9.625,4.5,11.375],"tintindex":0,"texture":"#3"},"west":{"uv":[1.875,1.75,3.75,3.5],"tintindex":0,"texture":"#3"},"up":{"uv":[8.125,11.375,7.75,9.5],"tintindex":0,"texture":"#3"},"down":{"uv":[8.5,9.5,8.125,11.375],"tintindex":0,"texture":"#3"}}}],"display":{"fixed":{"rotation":[-0.0,0.0,40.0]}}}