{"textures":{"0":"bettermodel:item/baran_leg_texture","1":"bettermodel:item/baran_lower_torso_texture","2":"bettermodel:item/baran_torso_texture","3":"bettermodel:item/baran_arm_texture"},"elements":[{"from":[6.1684074,0.25254583,6.6079645],"to":[9.880502,7.212723,10.784071],"faces":{"north":{"uv":[3.375,5.125,4.375,7.0],"tintindex":0,"texture":"#3"},"east":{"uv":[4.875,4.875,6.0,6.75],"tintindex":0,"texture":"#3"},"south":{"uv":[5.375,0.0,6.375,1.875],"tintindex":0,"texture":"#3"},"west":{"uv":[0.0,5.125,1.125,7.0],"tintindex":0,"texture":"#3"},"up":{"uv":[8.75,9.5,7.75,8.375],"tintindex":0,"texture":"#3"},"down":{"uv":[1.0,8.625,0.0,9.75],"tintindex":0,"texture":"#3"}}}],"display":{"fixed":{"rotation":[-0.0,0.0,5.0]}}}