{"textures":{"0":"bettermodel:item/baran_leg_texture","1":"bettermodel:item/baran_lower_torso_texture","2":"bettermodel:item/baran_torso_texture","3":"bettermodel:item/baran_arm_texture"},"elements":[{"from":[8.94571,14.006495,5.2012286],"to":[16.370827,20.039577,10.306287],"faces":{"north":{"uv":[2.25,3.5,4.25,5.125],"tintindex":0,"texture":"#2"},"east":{"uv":[6.5,1.125,7.875,2.75],"tintindex":0,"texture":"#2"},"south":{"uv":[4.25,3.5,6.25,5.125],"tintindex":0,"texture":"#2"},"west":{"uv":[2.25,6.5,3.625,8.125],"tintindex":0,"texture":"#2"},"up":{"uv":[4.25,6.5,2.25,5.125],"tintindex":0,"texture":"#2"},"down":{"uv":[6.25,5.125,4.25,6.5],"tintindex":0,"texture":"#2"}}}],"display":{"fixed":{"rotation":[0.07529338,-0.4274089,9.990951]}}}