{"textures":{"0":"bettermodel:item/baran_leg_texture","1":"bettermodel:item/baran_lower_torso_texture","2":"bettermodel:item/baran_torso_texture","3":"bettermodel:item/baran_arm_texture"},"elements":[{"from":[6.143953,6.628326,5.235434],"to":[9.856048,9.876409,11.267588],"faces":{"north":{"uv":[0.0,8.75,2.0,10.5],"tintindex":0,"texture":"#1"},"east":{"uv":[2.0,5.5,5.25,7.25],"tintindex":0,"texture":"#1"},"south":{"uv":[8.75,1.75,10.75,3.5],"tintindex":0,"texture":"#1"},"west":{"uv":[5.5,3.25,8.75,5.0],"tintindex":0,"texture":"#1"},"up":{"uv":[2.0,8.75,0.0,5.5],"tintindex":0,"texture":"#1"},"down":{"uv":[7.5,0.0,5.5,3.25],"tintindex":0,"texture":"#1"}}}],"display":{"fixed":{"rotation":[2.4620998,0.0,-0.0]}}}