{"textures":{"0":"bettermodel:item/baran_leg_texture","1":"bettermodel:item/baran_lower_torso_texture","2":"bettermodel:item/baran_torso_texture","3":"bettermodel:item/baran_arm_texture"},"elements":[{"from":[6.5043454,0.7322788,6.8399706],"to":[9.752428,6.764433,10.552065],"faces":{"north":{"uv":[7.75,6.75,8.625,8.375],"tintindex":0,"texture":"#3"},"east":{"uv":[3.375,7.0,4.375,8.625],"tintindex":0,"texture":"#3"},"south":{"uv":[8.0,5.125,8.875,6.75],"tintindex":0,"texture":"#3"},"west":{"uv":[7.0,5.125,8.0,6.75],"tintindex":0,"texture":"#3"},"up":{"uv":[2.875,9.625,2.0,8.625],"tintindex":0,"texture":"#3"},"down":{"uv":[3.75,8.625,2.875,9.625],"tintindex":0,"texture":"#3"}}},{"from":[6.0403337,6.3004208,6.3759584],"to":[10.21644,8.156468,11.016077],"faces":{"north":{"uv":[9.625,9.25,10.75,9.75],"tintindex":0,"texture":"#3"},"east":{"uv":[6.0,9.625,7.25,10.125],"tintindex":0,"texture":"#3"},"south":{"uv":[0.0,9.75,1.125,10.25],"tintindex":0,"texture":"#3"},"west":{"uv":[9.625,7.75,10.875,8.25],"tintindex":0,"texture":"#3"},"up":{"uv":[6.5,3.125,5.375,1.875],"tintindex":0,"texture":"#3"},"down":{"uv":[5.5,8.375,4.375,9.625],"tintindex":0,"texture":"#3"}}}],"display":{"fixed":{"rotation":[-0.0,0.0,5.0]}}}