{"textures":{"0":"bettermodel:item/baran_leg_texture","1":"bettermodel:item/baran_lower_torso_texture","2":"bettermodel:item/baran_torso_texture","3":"bettermodel:item/baran_arm_texture"},"elements":[{"from":[6.5043454,0.7322788,6.8399706],"to":[9.752428,6.764433,10.552065],"faces":{"north":{"uv":[8.125,3.25,9.0,4.875],"tintindex":0,"texture":"#3"},"east":{"uv":[7.375,0.0,8.375,1.625],"tintindex":0,"texture":"#3"},"south":{"uv":[8.375,0.0,9.25,1.625],"tintindex":0,"texture":"#3"},"west":{"uv":[7.625,1.625,8.625,3.25],"tintindex":0,"texture":"#3"},"up":{"uv":[9.625,9.75,8.75,8.75],"tintindex":0,"texture":"#3"},"down":{"uv":[9.75,4.875,8.875,5.875],"tintindex":0,"texture":"#3"}}},{"from":[6.0403337,6.3004208,6.3759584],"to":[10.21644,8.156468,11.016077],"faces":{"north":{"uv":[9.75,4.75,10.875,5.25],"tintindex":0,"texture":"#3"},"east":{"uv":[9.625,8.25,10.875,8.75],"tintindex":0,"texture":"#3"},"south":{"uv":[9.75,5.25,10.875,5.75],"tintindex":0,"texture":"#3"},"west":{"uv":[9.625,8.75,10.875,9.25],"tintindex":0,"texture":"#3"},"up":{"uv":[6.625,9.625,5.5,8.375],"tintindex":0,"texture":"#3"},"down":{"uv":[7.75,8.375,6.625,9.625],"tintindex":0,"texture":"#3"}}}],"display":{"fixed":{"rotation":[-0.0,0.0,5.0]}}}