{"textures":{"0":"bettermodel:item/baran_leg_texture","1":"bettermodel:item/baran_lower_torso_texture","2":"bettermodel:item/baran_torso_texture","3":"bettermodel:item/baran_arm_texture"},"elements":[{"from":[6.2031326,8.08611,8.649616],"to":[12.235287,14.118263,8.649616],"rotation":{"angle":22.5,"axis":"z","origin":[9.21921,11.102187,8.649616]},"faces":{"north":{"uv":[0.0,3.5,1.625,5.125],"tintindex":0,"texture":"#3"},"east":{"uv":[0.0,0.0,0.0,1.625],"tintindex":0,"texture":"#3"},"south":{"uv":[1.625,3.5,3.25,5.125],"tintindex":0,"texture":"#3"},"west":{"uv":[0.0,0.0,0.0,1.625],"tintindex":0,"texture":"#3"},"up":{"uv":[1.625,0.0,0.0,0.0],"tintindex":0,"texture":"#3"},"down":{"uv":[1.625,0.0,0.0,0.0],"tintindex":0,"texture":"#3"}}}]}