{"textures":{"0":"bettermodel:item/baran_leg_texture","1":"bettermodel:item/baran_lower_torso_texture","2":"bettermodel:item/baran_torso_texture","3":"bettermodel:item/baran_arm_texture"},"elements":[{"from":[-0.37036788,14.006955,5.201688],"to":[7.0538306,20.039118,10.305827],"faces":{"north":{"uv":[4.5,0.0,6.5,1.625],"tintindex":0,"texture":"#2"},"east":{"uv":[3.625,6.5,5.0,8.125],"tintindex":0,"texture":"#2"},"south":{"uv":[4.5,1.625,6.5,3.25],"tintindex":0,"texture":"#2"},"west":{"uv":[0.0,7.0,1.375,8.625],"tintindex":0,"texture":"#2"},"up":{"uv":[8.25,4.625,6.25,3.25],"tintindex":0,"texture":"#2"},"down":{"uv":[8.25,4.625,6.25,6.0],"tintindex":0,"texture":"#2"}}}],"display":{"fixed":{"rotation":[0.07529338,0.4274089,-9.990951]}}}