{"textures":{"0":"bettermodel:item/baran_leg_texture","1":"bettermodel:item/baran_lower_torso_texture","2":"bettermodel:item/baran_torso_texture","3":"bettermodel:item/baran_arm_texture"},"elements":[{"from":[6.8807244,5.8503656,7.071976],"to":[9.664795,7.706413,10.320059],"faces":{"north":{"uv":[9.875,4.125,10.625,4.625],"tintindex":0,"texture":"#3"},"east":{"uv":[9.375,9.75,10.25,10.25],"tintindex":0,"texture":"#3"},"south":{"uv":[9.875,5.75,10.625,6.25],"tintindex":0,"texture":"#3"},"west":{"uv":[9.875,2.625,10.75,3.125],"tintindex":0,"texture":"#3"},"up":{"uv":[5.25,10.5,4.5,9.625],"tintindex":0,"texture":"#3"},"down":{"uv":[6.0,9.625,5.25,10.5],"tintindex":0,"texture":"#3"}}},{"from":[6.555916,7.7992153,6.747168],"to":[9.989604,8.402431,10.644867],"faces":{"north":{"uv":[9.875,6.5,10.75,6.625],"tintindex":0,"texture":"#3"},"east":{"uv":[5.375,3.125,6.375,3.25],"tintindex":0,"texture":"#3"},"south":{"uv":[9.875,6.625,10.75,6.75],"tintindex":0,"texture":"#3"},"west":{"uv":[9.875,4.625,10.875,4.75],"tintindex":0,"texture":"#3"},"up":{"uv":[9.875,3.75,9.0,2.75],"tintindex":0,"texture":"#3"},"down":{"uv":[9.875,3.75,9.0,4.75],"tintindex":0,"texture":"#3"}}},{"from":[7.4839396,7.3352036,10.273658],"to":[9.061581,9.330454,10.784071],"faces":{"north":{"uv":[8.875,5.875,9.25,6.375],"tintindex":0,"texture":"#3"},"east":{"uv":[4.75,6.125,4.875,6.625],"tintindex":0,"texture":"#3"},"south":{"uv":[9.25,1.125,9.625,1.625],"tintindex":0,"texture":"#3"},"west":{"uv":[6.875,3.5,7.0,4.0],"tintindex":0,"texture":"#3"},"up":{"uv":[8.0,3.375,7.625,3.25],"tintindex":0,"texture":"#3"},"down":{"uv":[8.0,3.375,7.625,3.5],"tintindex":0,"texture":"#3"}}}],"display":{"fixed":{"rotation":[-0.0,0.0,5.0]}}}