{"textures":{"0":"bettermodel:item/baran_leg_texture","1":"bettermodel:item/baran_lower_torso_texture","2":"bettermodel:item/baran_torso_texture","3":"bettermodel:item/baran_arm_texture"},"elements":[{"from":[6.1684074,0.25254583,6.6079645],"to":[9.880502,7.212723,10.784071],"faces":{"north":{"uv":[6.0,4.875,7.0,6.75],"tintindex":0,"texture":"#3"},"east":{"uv":[1.125,5.125,2.25,7.0],"tintindex":0,"texture":"#3"},"south":{"uv":[6.375,0.0,7.375,1.875],"tintindex":0,"texture":"#3"},"west":{"uv":[2.25,5.125,3.375,7.0],"tintindex":0,"texture":"#3"},"up":{"uv":[2.0,9.75,1.0,8.625],"tintindex":0,"texture":"#3"},"down":{"uv":[9.625,1.625,8.625,2.75],"tintindex":0,"texture":"#3"}}}],"display":{"fixed":{"rotation":[-0.0,0.0,5.0]}}}