{"textures":{"0":"bettermodel:item/baran_leg_texture","1":"bettermodel:item/baran_lower_torso_texture","2":"bettermodel:item/baran_torso_texture","3":"bettermodel:item/baran_arm_texture"},"elements":[{"from":[5.9933176,4.8067446,5.679941],"to":[10.169424,10.838898,11.712094],"faces":{"north":{"uv":[6.5,1.875,7.625,3.5],"tintindex":0,"texture":"#3"},"east":{"uv":[3.25,3.5,4.875,5.125],"tintindex":0,"texture":"#3"},"south":{"uv":[4.375,6.75,5.5,8.375],"tintindex":0,"texture":"#3"},"west":{"uv":[3.75,0.0,5.375,1.625],"tintindex":0,"texture":"#3"},"up":{"uv":[6.625,8.375,5.5,6.75],"tintindex":0,"texture":"#3"},"down":{"uv":[7.75,6.75,6.625,8.375],"tintindex":0,"texture":"#3"}}},{"from":[5.065294,4.5747385,5.215929],"to":[6.4573293,11.070904,12.176106],"faces":{"north":{"uv":[9.625,0.0,10.0,1.75],"tintindex":0,"texture":"#3"},"east":{"uv":[0.0,0.0,1.875,1.75],"tintindex":0,"texture":"#3"},"south":{"uv":[2.0,9.625,2.375,11.375],"tintindex":0,"texture":"#3"},"west":{"uv":[0.0,1.75,1.875,3.5],"tintindex":0,"texture":"#3"},"up":{"uv":[4.125,10.5,3.75,8.625],"tintindex":0,"texture":"#3"},"down":{"uv":[9.875,5.875,9.5,7.75],"tintindex":0,"texture":"#3"}}}],"display":{"fixed":{"rotation":[-0.0,0.0,40.0]}}}