{"textures":{"0":"bettermodel:item/baran_leg_texture","1":"bettermodel:item/baran_lower_torso_texture","2":"bettermodel:item/baran_torso_texture","3":"bettermodel:item/baran_arm_texture"},"elements":[{"from":[6.8807244,5.8503656,7.071976],"to":[9.664795,7.706413,10.320059],"faces":{"north":{"uv":[9.875,3.125,10.625,3.625],"tintindex":0,"texture":"#3"},"east":{"uv":[1.125,9.75,2.0,10.25],"tintindex":0,"texture":"#3"},"south":{"uv":[9.875,3.625,10.625,4.125],"tintindex":0,"texture":"#3"},"west":{"uv":[8.5,9.75,9.375,10.25],"tintindex":0,"texture":"#3"},"up":{"uv":[10.375,2.625,9.625,1.75],"tintindex":0,"texture":"#3"},"down":{"uv":[3.125,9.625,2.375,10.5],"tintindex":0,"texture":"#3"}}},{"from":[6.5559163,7.7992153,6.747168],"to":[9.989604,8.402431,10.644867],"faces":{"north":{"uv":[9.875,6.25,10.75,6.375],"tintindex":0,"texture":"#3"},"east":{"uv":[3.75,3.25,4.75,3.375],"tintindex":0,"texture":"#3"},"south":{"uv":[9.875,6.375,10.75,6.5],"tintindex":0,"texture":"#3"},"west":{"uv":[3.75,3.375,4.75,3.5],"tintindex":0,"texture":"#3"},"up":{"uv":[9.5,7.75,8.625,6.75],"tintindex":0,"texture":"#3"},"down":{"uv":[9.625,7.75,8.75,8.75],"tintindex":0,"texture":"#3"}}},{"from":[7.48394,7.3352036,6.5615635],"to":[9.06158,9.330454,7.071976],"faces":{"north":{"uv":[4.375,6.25,4.75,6.75],"tintindex":0,"texture":"#3"},"east":{"uv":[4.75,5.125,4.875,5.625],"tintindex":0,"texture":"#3"},"south":{"uv":[8.625,2.75,9.0,3.25],"tintindex":0,"texture":"#3"},"west":{"uv":[4.75,5.625,4.875,6.125],"tintindex":0,"texture":"#3"},"up":{"uv":[6.875,4.75,6.5,4.625],"tintindex":0,"texture":"#3"},"down":{"uv":[6.875,4.75,6.5,4.875],"tintindex":0,"texture":"#3"}}}],"display":{"fixed":{"rotation":[-0.0,0.0,5.0]}}}