{"textures":{"0":"bettermodel:item/baran_leg_texture","1":"bettermodel:item/baran_lower_torso_texture","2":"bettermodel:item/baran_torso_texture","3":"bettermodel:item/baran_arm_texture"},"elements":[{"from":[7.6427426,6.2528124,5.643358],"to":[12.746873,9.5008955,10.747488],"faces":{"north":{"uv":[8.0,6.75,10.75,8.5],"tintindex":0,"texture":"#1"},"east":{"uv":[8.25,5.0,11.0,6.75],"tintindex":0,"texture":"#1"},"south":{"uv":[4.75,8.5,7.5,10.25],"tintindex":0,"texture":"#1"},"west":{"uv":[7.5,8.5,10.25,10.25],"tintindex":0,"texture":"#1"},"up":{"uv":[5.5,2.75,2.75,0.0],"tintindex":0,"texture":"#1"},"down":{"uv":[5.5,2.75,2.75,5.5],"tintindex":0,"texture":"#1"}}}],"display":{"fixed":{"rotation":[2.5000043,-2.6013415E-6,9.999997]}}}