{"textures":{"0":"bettermodel:item/baran_leg_texture","1":"bettermodel:item/baran_lower_torso_texture","2":"bettermodel:item/baran_torso_texture","3":"bettermodel:item/baran_arm_texture"},"elements":[{"from":[4.2879057,6.0296426,4.8676486],"to":[8.928023,10.205749,6.7236958],"faces":{"north":{"uv":[7.25,7.75,9.75,10.0],"tintindex":0,"texture":"#0"},"east":{"uv":[0.0,10.0,1.0,12.25],"tintindex":0,"texture":"#0"},"south":{"uv":[9.25,3.0,11.75,5.25],"tintindex":0,"texture":"#0"},"west":{"uv":[1.0,10.0,2.0,12.25],"tintindex":0,"texture":"#0"},"up":{"uv":[11.5,12.0,9.0,11.0],"tintindex":0,"texture":"#0"},"down":{"uv":[14.0,5.25,11.5,6.25],"tintindex":0,"texture":"#0"}}}],"display":{"fixed":{"rotation":[-12.500001,0.0,0.0]}}}