{"textures":{"0":"bettermodel:item/baran_leg_texture","1":"bettermodel:item/baran_lower_torso_texture","2":"bettermodel:item/baran_torso_texture","3":"bettermodel:item/baran_arm_texture"},"elements":[{"from":[3.253127,6.2528124,5.643358],"to":[8.357258,9.5008955,10.747488],"faces":{"north":{"uv":[5.5,5.0,8.25,6.75],"tintindex":0,"texture":"#1"},"east":{"uv":[5.25,6.75,8.0,8.5],"tintindex":0,"texture":"#1"},"south":{"uv":[2.0,7.25,4.75,9.0],"tintindex":0,"texture":"#1"},"west":{"uv":[7.5,0.0,10.25,1.75],"tintindex":0,"texture":"#1"},"up":{"uv":[2.75,2.75,0.0,0.0],"tintindex":0,"texture":"#1"},"down":{"uv":[2.75,2.75,0.0,5.5],"tintindex":0,"texture":"#1"}}}],"display":{"fixed":{"rotation":[2.5000043,2.6013415E-6,-9.999997]}}}