{"textures":{"0":"bettermodel:item/baran_leg_texture","1":"bettermodel:item/baran_lower_torso_texture","2":"bettermodel:item/baran_torso_texture","3":"bettermodel:item/baran_arm_texture"},"elements":[{"from":[5.679941,-1.368185,5.8253326],"to":[9.3920355,7.912051,9.537427],"faces":{"north":{"uv":[0.0,0.0,2.0,5.0],"tintindex":0,"texture":"#0"},"east":{"uv":[2.0,0.0,4.0,5.0],"tintindex":0,"texture":"#0"},"south":{"uv":[4.0,0.0,6.0,5.0],"tintindex":0,"texture":"#0"},"west":{"uv":[0.0,5.0,2.0,10.0],"tintindex":0,"texture":"#0"},"up":{"uv":[4.0,11.75,2.0,9.75],"tintindex":0,"texture":"#0"},"down":{"uv":[6.0,9.75,4.0,11.75],"tintindex":0,"texture":"#0"}}}],"display":{"fixed":{"rotation":[2.5000002,0.0,-0.0]}}}