{"textures":{"0":"bettermodel:item/baran_leg_texture","1":"bettermodel:item/baran_lower_torso_texture","2":"bettermodel:item/baran_torso_texture","3":"bettermodel:item/baran_arm_texture"},"elements":[{"from":[4.983923,-1.617219,6.0618978],"to":[8.232006,7.1990056,9.30998],"faces":{"north":{"uv":[2.0,5.0,3.75,9.75],"tintindex":0,"texture":"#0"},"east":{"uv":[3.75,5.0,5.5,9.75],"tintindex":0,"texture":"#0"},"south":{"uv":[5.5,5.0,7.25,9.75],"tintindex":0,"texture":"#0"},"west":{"uv":[6.0,0.0,7.75,4.75],"tintindex":0,"texture":"#0"},"up":{"uv":[11.5,9.25,9.75,7.5],"tintindex":0,"texture":"#0"},"down":{"uv":[11.5,9.25,9.75,11.0],"tintindex":0,"texture":"#0"}}}],"display":{"fixed":{"rotation":[-7.4999995,0.0,0.0]}}}