{"textures":{"0":"bettermodel:item/baran_leg_texture","1":"bettermodel:item/baran_lower_torso_texture","2":"bettermodel:item/baran_torso_texture","3":"bettermodel:item/baran_arm_texture"},"elements":[{"from":[8.017705,7.351441,10.50416],"to":[8.017705,11.527548,11.896195],"faces":{"north":{"uv":[0.0,0.0,0.0,1.125],"tintindex":0,"texture":"#3"},"east":{"uv":[9.25,0.0,9.625,1.125],"tintindex":0,"texture":"#3"},"south":{"uv":[0.0,0.0,0.0,1.125],"tintindex":0,"texture":"#3"},"west":{"uv":[7.25,9.625,7.625,10.75],"tintindex":0,"texture":"#3"},"up":{"uv":[0.0,0.375,0.0,0.0],"tintindex":0,"texture":"#3"},"down":{"uv":[0.0,0.0,0.0,0.375],"tintindex":0,"texture":"#3"}}}],"display":{"fixed":{"rotation":[19.929895,1.7081841,4.699857]}}}