{"textures":{"0":"bettermodel:item/baran_leg_texture","1":"bettermodel:item/baran_lower_torso_texture","2":"bettermodel:item/baran_torso_texture","3":"bettermodel:item/baran_arm_texture"},"elements":[{"from":[8.017705,6.8620467,5.4484105],"to":[8.017705,11.038153,6.840446],"faces":{"north":{"uv":[0.0,0.0,0.0,1.125],"tintindex":0,"texture":"#3"},"east":{"uv":[4.375,5.125,4.75,6.25],"tintindex":0,"texture":"#3"},"south":{"uv":[0.0,0.0,0.0,1.125],"tintindex":0,"texture":"#3"},"west":{"uv":[6.5,3.5,6.875,4.625],"tintindex":0,"texture":"#3"},"up":{"uv":[0.0,0.375,0.0,0.0],"tintindex":0,"texture":"#3"},"down":{"uv":[0.0,0.0,0.0,0.375],"tintindex":0,"texture":"#3"}}}],"display":{"fixed":{"rotation":[-19.929895,-1.7081841,4.699857]}}}